{"name": "accelerometer", "time": 1688241868892005600, "values": {"z": -0.41168987282216546, "y": 2.8370833745777606, "x": 0.02641103706359863}}