{"z": 0.0474395751953125, "y": -0.1043243408203125, "x": -0.29888916015625}