{"name": "accelerometeruncalibrated", "time": 1688241867659353600, "values": {"z": -0.778045654296875, "y": -0.72601318359375, "x": 0.386505126953125}}