{"name": "accelerometer", "time": 1688241869250232600, "values": {"z": -3.6181998495101926, "y": 4.1028170113772156, "x": 0.4540782312184572}}