{"name": "accelerometer", "time": 1688241868135746600, "values": {"z": 2.393132569620013, "y": 3.4919168178528546, "x": -3.012885347163677}}