{"z": 0.1078033447265625, "y": -0.4051361083984375, "x": -0.7139434814453125}