{"z": 3.5164255284264683, "y": 4.315588824442028, "x": -2.595765850508213}