{"z": 2.220785705924034, "y": 7.201956746670604, "x": 1.7877821191772818}