{"z": 1.8605624009668826, "y": 2.044212748965621, "x": -2.5551386565655467}