{"name": "accelerometer", "time": 1688241867757617400, "values": {"z": -2.6395547233521937, "y": -0.21644611766338348, "x": 1.482159296196699}}