{"name": "accelerometer", "time": 1688241867498897700, "values": {"z": -0.0994108068227768, "y": 0.2872381482452154, "x": -0.26536358556747436}}