{"z": 3.5392414636075493, "y": 4.745142855256796, "x": -4.5279169853925705}