{"name": "accelerometeruncalibrated", "time": 1688241867520043500, "values": {"z": -0.7385711669921875, "y": -0.66217041015625, "x": 0.2765960693359375}}