{"z": 3.1549110146149992, "y": 3.9831688876897093, "x": -5.098596812209487}