{"name": "accelerometer", "time": 1688241867658109700, "values": {"z": -0.6153928287684917, "y": -0.35574528276026246, "x": 0.7532602074965834}}