{"name": "accelerometer", "time": 1688241869329839600, "values": {"z": -7.469281403177976, "y": 2.5615008850738405, "x": 4.279427085475623}}