{"z": 0.6848217543035745, "y": 3.0113106451928613, "x": -2.5901585320204497}