{"z": 1.8253131006702779, "y": 3.7229140234380957, "x": -3.9096182060495015}