{"z": 0.049224853515625, "y": -0.18377685546875, "x": -0.9732666015625}