{"name": "accelerometeruncalibrated", "time": 1688241868136993500, "values": {"z": 0.1849365234375, "y": -0.5373687744140625, "x": -0.762481689453125}}