{"z": 0.0478363037109375, "y": -0.2322845458984375, "x": -0.001068115234375}