{"name": "accelerometer", "time": 1688241867518799600, "values": {"z": -0.4389321000128984, "y": 0.0010953940212726592, "x": -0.09421908339858054}}