{"name": "accelerometer", "time": 1688241868175549400, "values": {"z": 1.0794302170086651, "y": 3.6438328879386184, "x": -5.0302971829652785}}