{"z": -2.9433927087426186, "y": 4.293044399678707, "x": 7.085338199937343}