{"z": 2.351115967145562, "y": 5.778858711251616, "x": -3.558832299262285}