{"z": -0.758056640625, "y": -0.256805419921875, "x": 0.496795654296875}