{"z": 1.7922873216420412, "y": 7.755950227102637, "x": 1.8717048494890332}