{"name": "accelerometeruncalibrated", "time": 1688241868156894700, "values": {"z": 0.0806884765625, "y": -0.51898193359375, "x": -0.8798675537109375}}