{"z": -1.9060259290248154, "y": 0.7710235354632139, "x": 1.0691836213476955}