{"z": -4.657283370018005, "y": 3.444085976141691, "x": 5.667223213627934}