{"z": -0.8514556884765625, "y": -0.66082763671875, "x": -0.003021240234375}