{"name": "accelerometer", "time": 1688241867538700500, "values": {"z": 0.016634908458590506, "y": -0.21143676506876943, "x": 0.13504852191507816}}