{"name": "accelerometeruncalibrated", "time": 1688241868654433500, "values": {"z": -0.764312744140625, "y": -0.5844573974609375, "x": 0.9779815673828125}}