{"name": "accelerometeruncalibrated", "time": 1688241868117091600, "values": {"z": 0.238067626953125, "y": -0.5710906982421875, "x": -0.6721343994140625}}