{"z": -0.866058349609375, "y": -0.7392730712890625, "x": 0.308685302734375}