{"z": -0.37188720703125, "y": -0.589324951171875, "x": -0.227203369140625}