{"name": "accelerometeruncalibrated", "time": 1688241867500141600, "values": {"z": -0.7569732666015625, "y": -0.628326416015625, "x": 0.23553466796875}}