{"z": -3.2966891370460387, "y": 5.213147320497035, "x": 4.612086968463659}