{"name": "accelerometeruncalibrated", "time": 1688241868893251600, "values": {"z": -0.1740570068359375, "y": -0.6977691650390625, "x": 0.03277587890625}}