{"name": "accelerometer", "time": 1688241868155648500, "values": {"z": 1.5574433775007723, "y": 3.711522276329994, "x": -3.959776906186342}}