{"name": "accelerometeruncalibrated", "time": 1688241869311183600, "values": {"z": -1.4236602783203125, "y": -0.209991455078125, "x": 0.9350433349609375}}