{"z": 1.5100408442042768, "y": 2.616297181883454, "x": -4.489744198864698}