{"z": -1.447235107421875, "y": 0.3319854736328125, "x": 0.7190093994140625}