{"name": "accelerometer", "time": 1688241867678011600, "values": {"z": -1.107429326981306, "y": -0.4403191704571247, "x": 1.2808379746899008}}