{"name": "accelerometeruncalibrated", "time": 1688241868097190700, "values": {"z": 0.2373809814453125, "y": -0.6053466796875, "x": -0.6011810302734375}}