{"z": -0.0543212890625, "y": -0.519775390625, "x": -0.554901123046875}