{"z": 4.114146506904065, "y": 5.264143348240852, "x": -5.776625253111123}