{"name": "accelerometer", "time": 1688241867638208500, "values": {"z": -0.5233809000253677, "y": -0.274694893014431, "x": 0.33079584268182516}}