{"name": "accelerometeruncalibrated", "time": 1688241867758861600, "values": {"z": -0.85504150390625, "y": -0.7621307373046875, "x": 0.449371337890625}}