{"z": 0.04437255859375, "y": -0.1572418212890625, "x": -0.0953216552734375}