{"name": "accelerometer", "time": 1688241868095943700, "values": {"z": 2.065436154258251, "y": 3.152659728556871, "x": -2.1864929756999016}}