{"name": "accelerometeruncalibrated", "time": 1688241868176796700, "values": {"z": 0.024688720703125, "y": -0.5372161865234375, "x": -0.98907470703125}}