{"name": "accelerometeruncalibrated", "time": 1688241867639452700, "values": {"z": -0.7323760986328125, "y": -0.693023681640625, "x": 0.33026123046875}}