{"name": "accelerometeruncalibrated", "time": 1688241867102110700, "values": {"z": -0.7229461669921875, "y": -0.756378173828125, "x": 0.084930419921875}}