{"name": "accelerometeruncalibrated", "time": 1688241868296205600, "values": {"z": -0.3689727783203125, "y": -0.442840576171875, "x": -0.5514984130859375}}