{"name": "accelerometeruncalibrated", "time": 1688241868873350700, "values": {"z": -0.2034912109375, "y": -0.689727783203125, "x": 0.125030517578125}}