{"z": -0.4502105712890625, "y": -0.8228912353515625, "x": 0.8018035888671875}