{"name": "accelerometer", "time": 1688241868115845600, "values": {"z": 2.3494810594201088, "y": 3.3609897597819565, "x": -2.5876222915410994}}