{"z": -0.222198486328125, "y": -0.533203125, "x": -0.3979339599609375}