{"name": "accelerometeruncalibrated", "time": 1688241869231577600, "values": {"z": -0.8539276123046875, "y": -0.26287841796875, "x": 0.3451080322265625}}