{"z": 0.4145864710465073, "y": 5.645028917476535, "x": 2.1221841696575283}