{"z": -0.923736572265625, "y": -0.3379669189453125, "x": 0.81927490234375}