{"name": "accelerometeruncalibrated", "time": 1688241867619550700, "values": {"z": -0.760284423828125, "y": -0.707794189453125, "x": 0.3198699951171875}}