{"z": -0.21398001981079579, "y": 0.7809136458367109, "x": 8.294383150309324}