{"name": "accelerometer", "time": 1688241868294959600, "values": {"z": -0.1321647831723094, "y": 4.721781853413582, "x": -4.077619734017551}}