{"z": -0.6394500732421875, "y": -0.4212646484375, "x": 0.461212158203125}