{"z": 0.0296783447265625, "y": -0.451812744140625, "x": -0.5833282470703125}