{"name": "accelerometer", "time": 1688241869230331600, "values": {"z": -1.2382657841593026, "y": 4.158734713432192, "x": -0.22631430846601724}}