{"z": -0.189849853515625, "y": -0.3931427001953125, "x": 0.1292724609375}