{"z": -0.003814697265625, "y": -0.723175048828125, "x": -0.568145751953125}